laneid,s_offset,e_offset,lon,lat,e_spdlmt
2341838284012925441,0,39,87.562214,43.811889,80
2341838284012925442,0,38,87.562172,43.811881,80
2341838284012925443,0,38,87.562131,43.811873,80
2341838284012925697,0,149,87.562089,43.812225,80
2341838284012925698,0,149,87.562050,43.812210,80
2341838284012925699,0,150,87.562011,43.812196,80
2391574907243738881,0,92,114.768056,25.579342,120
2391574907243738882,0,92,114.768040,25.579373,120
2391574907243739137,0,60,114.768879,25.579701,120
2391574907243739138,0,60,114.768865,25.579733,120
2391574907243740161,0,88,114.769411,25.579944,120
2391574907243740162,0,88,114.769396,25.579975,120
2391574907243740417,0,3,114.770182,25.580312,120
2391574907243740418,0,3,114.770167,25.580344,120
2391574907243740673,0,11,114.770203,25.580323,120
2391574907243740674,0,11,114.770188,25.580354,120
2391574907243740929,0,5,114.770293,25.580367,120
2391574907243740930,0,5,114.770277,25.580398,120
2391574907243741185,0,6,114.770333,25.580387,120
2391574907243741186,0,6,114.770318,25.580418,120
2391574907243741441,0,10,114.770381,25.580411,120
2391574907243741442,0,10,114.770365,25.580442,120
2391574907243741697,0,347,114.770464,25.580452,120
2391574907243741698,0,347,114.770448,25.580483,120
2391574907243741953,0,223,114.773441,25.582027,120
2391574907243741954,0,223,114.773425,25.582058,120
2391574907243739393,0,2,114.775378,25.583001,120
2391574907243739394,0,2,114.775364,25.583033,120
2391574907243739649,0,300,114.775391,25.583007,120
2391574907243739650,0,301,114.775378,25.583039,120
2391574907243739905,0,213,114.778201,25.583901,120
2391574907243739906,0,214,114.778194,25.583935,120
2391574907243733505,0,441,114.780306,25.584037,120
2391574907243733506,0,442,114.780308,25.584068,120
2391574907243738369,0,12,114.784439,25.582890,120
2391574907243738370,0,11,114.784462,25.582923,120
2391574907243738371,0,11,114.784462,25.582923,120
2391574907243738625,0,20,114.784531,25.582835,120
2391574907243738626,0,20,114.784548,25.582869,120
2391574907243738627,0,20,114.784553,25.582878,120
2391739194037781249,0,71,118.135234,25.051571,120
2391739194037781250,0,71,118.135213,25.051541,120
2391739194037781251,0,71,118.135213,25.051541,120
2391739194037781252,0,71,118.135194,25.051511,120
2391739194037781505,0,3,118.134628,25.051890,120
2391739194037781506,0,3,118.134627,25.051890,120
2391739194037781507,0,3,118.134607,25.051861,120
2391739194037781508,0,3,118.134586,25.051831,120
2391739194037781761,0,211,118.134605,25.051902,120
2391739194037781762,0,210,118.134586,25.051871,120
2391739194037781763,0,209,118.134567,25.051841,120
2391739194037782017,0,34,118.132731,25.052727,120
2391739194037782018,0,34,118.132719,25.052693,120
2391739194037782019,0,33,118.132708,25.052661,120
2391739194037782273,0,88,118.132422,25.052830,120
2391739194037782274,0,88,118.132412,25.052797,120
2391739194037782275,0,88,118.132402,25.052764,120
2391739194037785857,0,12,118.131589,25.053053,120
2391739194037785858,0,12,118.131589,25.053053,120
2391739194037785859,0,12,118.131580,25.053019,120
2391739194037785860,0,11,118.131571,25.052986,120
2391739194037786113,0,88,118.131480,25.053080,120
2391739194037786114,0,87,118.131480,25.053077,120
2391739194037786115,0,87,118.131472,25.053043,120
2391739194037786116,0,87,118.131465,25.053009,120
2391739194037786369,0,27,118.130640,25.053259,120
2391739194037786370,0,27,118.130634,25.053223,120
2391739194037786371,0,27,118.130628,25.053188,120
2391739194037786372,0,27,118.130623,25.053154,120
2391739194037784065,0,39,118.130374,25.053254,120
2391739194037784066,0,39,118.130369,25.053219,120
2391739194037784067,0,39,118.130364,25.053185,120
2391739194037764353,0,96,118.129989,25.053287,120
2391739194037764354,0,95,118.129986,25.053253,120
2391739194037764355,0,95,118.129984,25.053219,120
2391739194037764609,0,3,118.129047,25.053314,120
2391739194037764610,0,3,118.129046,25.053280,120
2391739194037764611,0,3,118.129047,25.053246,120
2391739194037764865,0,4,118.129022,25.053314,120
2391739194037764866,0,4,118.129023,25.053280,120
2391739194037764867,0,4,118.129024,25.053246,120
2391739194037765121,0,9,118.128990,25.053313,120
2391739194037765122,0,9,118.128990,25.053279,120
2391739194037765123,0,9,118.128991,25.053245,120
2391739194037765377,0,12,118.128901,25.053311,120
2391739194037765378,0,12,118.128902,25.053277,120
2391739194037765379,0,12,118.128903,25.053243,120
2391739194037765633,0,122,118.128786,25.053307,120
2391739194037765634,0,122,118.128789,25.053272,120
2391739194037765635,0,122,118.128790,25.053238,120
2391739194037765889,0,277,118.127586,25.053193,120
2391739194037765890,0,276,118.127591,25.053159,120
2391739194037765891,0,275,118.127596,25.053125,120
2391551542621638401,0,178,118.124969,25.052475,120
2391551542621638402,0,178,118.124981,25.052443,120
2391551542621638403,0,178,118.124994,25.052410,120
2391551542621638657,0,35,118.123354,25.051840,120
2391551542621638658,0,35,118.123366,25.051808,120
2391551542621638659,0,35,118.123379,25.051776,120
2391551542621638913,0,7,118.123044,25.051717,120
2391551542621638914,0,7,118.123057,25.051685,120
2391551542621638915,0,7,118.123070,25.051653,120
2391551542621637889,0,11,118.122986,25.051694,120
2391551542621637890,0,11,118.122999,25.051662,120
2391551542621637891,0,11,118.123012,25.051629,120
2391551542621638145,0,220,118.122890,25.051656,120
2391551542621638146,0,220,118.122903,25.051624,120
2391551542621638147,0,220,118.122916,25.051591,120
2388713200599188993,0,24,104.074187,30.597811,100
2388713200599188994,0,24,104.074187,30.597844,100
2388713200599188995,0,24,104.074188,30.597878,100
2388713200599188996,0,24,104.074188,30.597913,100
2388713200599189249,0,5,104.074432,30.597809,100
2388713200599189250,0,5,104.074432,30.597843,100
2388713200599189251,0,5,104.074433,30.597876,100
2388713200599189252,0,5,104.074433,30.597911,100
2388713200599189505,0,5,104.074480,30.597808,100
2388713200599189506,0,5,104.074480,30.597842,100
2388713200599189507,0,5,104.074481,30.597876,100
2388713200599189508,0,5,104.074481,30.597910,100
2388713200599189761,0,70,104.074528,30.597808,100
2388713200599189762,0,70,104.074528,30.597841,100
2388713200599189763,0,70,104.074529,30.597876,100
2388713200599189764,0,70,104.074529,30.597910,100
2388713200599190017,0,63,104.075249,30.597800,100
2388713200599190018,0,63,104.075250,30.597834,100
2388713200599190019,0,63,104.075250,30.597868,100
2388713200599190020,0,63,104.075251,30.597902,100
2388713200599190273,0,30,104.075900,30.597794,100
2388713200599190274,0,30,104.075900,30.597828,100
2388713200599190275,0,30,104.075901,30.597862,100
2388713200599190276,0,31,104.075900,30.597895,100
2388713200599190529,0,11,104.076211,30.597790,100
2388713200599190530,0,11,104.076211,30.597790,100
2388713200599190531,0,11,104.076212,30.597824,100
2388713200599190532,0,11,104.076213,30.597858,100
2388713200599190533,0,11,104.076213,30.597892,100
2388713200599190785,0,11,104.076317,30.597768,100
2388713200599190786,0,11,104.076317,30.597789,100
2388713200599190787,0,11,104.076317,30.597823,100
2388713200599190788,0,11,104.076318,30.597857,100
2388713200599190789,0,11,104.076318,30.597891,100
2391413321984143617,0,126,113.026046,22.834797,120
2391413321984143618,0,126,113.026086,22.834794,120
2391413321984143619,0,126,113.026122,22.834792,120
2391413321984143620,0,126,113.026159,22.834790,120
2391413321984143621,0,126,113.026196,22.834790,120
2391413321984143873,0,3,113.025985,22.833665,120
2391413321984143874,0,4,113.026024,22.833664,120
2391413321984143875,0,4,113.026062,22.833663,120
2391413321984143876,0,5,113.026099,22.833662,120
2391413321984143877,0,6,113.026135,22.833661,120
2391413321984144129,0,36,113.025984,22.833645,120
2391413321984144130,0,35,113.026022,22.833636,120
2391413321984144131,0,35,113.026060,22.833629,120
2391413321984144132,0,34,113.026097,22.833623,120
2391413321984144133,0,33,113.026133,22.833616,120
2382389660119756801,0,52,111.333995,21.649977,120
2382389660119756802,0,52,111.333985,21.650012,120
2382389660119756803,0,52,111.333976,21.650046,120
2382389660119756804,0,52,111.333967,21.650078,120
2382389660119756805,0,52,111.333959,21.650111,120
2382389660119757057,0,52,111.334474,21.650089,120
2382389660119757058,0,52,111.334466,21.650124,120
2382389660119757059,0,52,111.334459,21.650158,120
2382389660119757060,0,52,111.334451,21.650191,120
2382389660119757061,0,52,111.334443,21.650225,120
2382389660119757313,0,10,111.334953,21.650199,120
2382389660119757314,0,10,111.334945,21.650234,120
2382389660119757315,0,10,111.334938,21.650268,120
2382389660119757316,0,10,111.334930,21.650301,120
2382389660119757317,0,10,111.334923,21.650335,120
2382389660119757569,0,14,111.335039,21.650218,120
2382389660119757570,0,14,111.335030,21.650253,120
2382389660119757571,0,14,111.335024,21.650288,120
2382389660119757572,0,14,111.335016,21.650321,120
2382389660119757573,0,13,111.335009,21.650354,120
2392271220226674433,0,81,118.835863,29.181274,100
2392271220226674434,0,81,118.835876,29.181309,100
2392271220226674435,0,80,118.835887,29.181342,100
2392271220226674689,0,25,118.836661,29.181073,100
2392271220226674690,0,25,118.836670,29.181108,100
2392271220226674691,0,25,118.836677,29.181142,100
2392271220226674945,0,17,118.836905,29.181021,100
2392271220226674946,0,17,118.836912,29.181056,100
2392271220226674947,0,17,118.836919,29.181091,100
2392271220226675201,0,22,118.837070,29.180988,100
2392271220226675202,0,21,118.837077,29.181023,100
2392271220226675203,0,21,118.837084,29.181057,100
2392271220226675457,0,10,118.837281,29.180949,100
2392271220226675458,0,10,118.837287,29.180984,100
2392271220226675459,0,10,118.837293,29.181018,100
2393882773560509697,0,44,116.495233,37.217036,120
2393882773560509698,0,43,116.495194,37.217018,120
2393882773560509699,0,42,116.495157,37.217001,120
2393882773560509700,0,42,116.495122,37.216984,120
2393882773560509701,0,41,116.495085,37.216967,120
2393882773560509953,0,44,116.494987,37.217375,120
2393882773560509954,0,44,116.494953,37.217350,120
2393882773560509955,0,44,116.494920,37.217327,120
2393882773560509956,0,44,116.494889,37.217303,120
2393882773560509957,0,44,116.494856,37.217280,120
2393882773560510209,0,76,116.494741,37.217713,120
2393882773560510210,0,77,116.494708,37.217689,120
2393882773560510211,0,77,116.494675,37.217665,120
2393882773560510212,0,78,116.494643,37.217641,120
2393882773560510213,0,79,116.494611,37.217618,120
2393882773560510465,0,17,116.494315,37.218298,120
2393882773560510466,0,17,116.494278,37.218281,120
2393882773560510467,0,16,116.494240,37.218263,120
2393882773560510468,0,15,116.494204,37.218246,120
2393882773560510469,0,14,116.494167,37.218229,120
2393882773560510721,0,2,116.494213,37.218426,120
2393882773560510722,0,2,116.494186,37.218406,120
2393882773560510723,0,2,116.494154,37.218382,120
2393882773560510724,0,2,116.494123,37.218358,120
2393882773560510725,0,2,116.494089,37.218335,120
2393882773560510977,0,2,116.494204,37.218437,120
2393882773560510978,0,2,116.494177,37.218418,120
2393882773560510979,0,2,116.494145,37.218394,120
2393882773560510980,0,2,116.494113,37.218371,120
2393882773560510981,0,2,116.494081,37.218347,120
2393882773560511233,0,70,116.494197,37.218446,120
2393882773560511234,0,71,116.494171,37.218427,120
2393882773560511235,0,71,116.494138,37.218403,120
2393882773560511236,0,72,116.494106,37.218380,120
2393882773560511237,0,73,116.494074,37.218356,120
2392342014172605953,0,45,121.848269,29.305081,100
2392342014172605954,0,45,121.848245,29.305052,100
2392342014172605955,0,44,121.848221,29.305024,100
2392342014172606209,0,52,121.847893,29.305318,100
2392342014172606210,0,53,121.847874,29.305287,100
2392342014172606211,0,53,121.847854,29.305256,100
2392342014172606465,0,69,121.847449,29.305580,100
2392342014172606466,0,68,121.847428,29.305552,100
2392342014172606467,0,68,121.847406,29.305522,100
2392342014172597761,0,205,121.846835,29.305876,100
2392342014172597762,0,204,121.846814,29.305844,100
2392342014172598017,0,150,121.844953,29.306698,100
2392342014172598018,0,149,121.844941,29.306665,100
2392342014172598273,0,109,121.843510,29.307155,100
2392342014172598274,0,108,121.843501,29.307121,100
2392342014172594433,0,137,121.842435,29.307407,100
2392342014172594434,0,137,121.842433,29.307372,100
2392342014172594689,0,261,121.841057,29.307628,100
2392342014172594690,0,261,121.841053,29.307594,100
2392342009877637377,0,86,121.838378,29.307744,100
2392342009877637378,0,86,121.838379,29.307710,100
2392342009877637633,0,88,121.837502,29.307720,100
2392342009877637634,0,88,121.837503,29.307686,100
2392342009877637889,0,95,121.836599,29.307700,100
2392342009877637890,0,95,121.836599,29.307700,100
2392342009877637891,0,96,121.836600,29.307663,100
2392342009877638145,0,3,121.835623,29.307739,100
2392342009877638146,0,3,121.835622,29.307705,100
2392342009877638147,0,3,121.835620,29.307671,100
2392342009877638401,0,8,121.835600,29.307740,100
2392342009877638402,0,8,121.835599,29.307706,100
2392342009877638403,0,8,121.835597,29.307672,100
2392342009877638657,0,412,121.835525,29.307743,100
2392342009877638658,0,414,121.835524,29.307709,100
2392342009877638659,0,415,121.835523,29.307675,100
2392342009877636353,0,26,121.831390,29.308495,100
2392342009877636354,0,27,121.831374,29.308457,100
2392342009877636355,0,27,121.831374,29.308457,100
2392342009877636356,0,27,121.831358,29.308420,100
2392342009877636609,0,25,121.831142,29.308582,100
2392342009877636610,0,25,121.831130,29.308555,100
2392342009877636611,0,25,121.831120,29.308531,100
2392342009877636612,0,24,121.831108,29.308503,100
2392342009877636865,0,34,121.830909,29.308670,100
2392342009877636866,0,34,121.830900,29.308643,100
2392342009877636867,0,34,121.830890,29.308615,100
2392342009877636868,0,34,121.830878,29.308582,100
2392342009877637121,0,31,121.830599,29.308794,100
2392342009877637122,0,31,121.830587,29.308762,100
2392342009877637123,0,32,121.830575,29.308731,100
2392342009877637124,0,32,121.830563,29.308699,100
2392342009877643521,0,11,121.830315,29.308910,100
2392342009877643522,0,10,121.830298,29.308877,100
2392342009877643523,0,10,121.830282,29.308846,100
2392342009877643524,0,10,121.830266,29.308815,100
2392342009877643777,0,36,121.830220,29.308950,100
2392342009877643778,0,36,121.830207,29.308915,100
2392342009877643779,0,37,121.830193,29.308883,100
2392342009877643780,0,37,121.830179,29.308851,100
2391739035123983361,0,115,118.770194,24.944451,110
2391739035123983362,0,115,118.770158,24.944441,110
2391739035123983363,0,114,118.770122,24.944431,110
2391739035123983617,0,10,118.769866,24.945439,110
2391739035123983618,0,10,118.769830,24.945427,110
2391739035123983619,0,10,118.769794,24.945415,110
2391739035123983873,0,3,118.769837,24.945523,110
2391739035123983874,0,3,118.769801,24.945511,110
2391739035123983875,0,3,118.769765,24.945499,110
2391739035123984129,0,9,118.769830,24.945543,110
2391739035123984130,0,9,118.769795,24.945529,110
2391739035123984131,0,9,118.769759,24.945518,110
2391739035123984385,0,635,118.769805,24.945614,110
2391739035123984386,0,634,118.769770,24.945601,110
2391739035123984387,0,633,118.769734,24.945590,110
2391739035123980033,0,18,118.766923,24.950667,110
2391739035123980034,0,18,118.766894,24.950646,110
2391739035123980035,0,17,118.766864,24.950624,110
2391739035123980289,0,80,118.766813,24.950791,110
2391739035123980290,0,80,118.766785,24.950767,110
2391739035123980291,0,80,118.766758,24.950743,110
2391739035123980545,0,2,118.766301,24.951339,110
2391739035123980546,0,2,118.766275,24.951314,110
2391739035123980547,0,2,118.766249,24.951289,110
2391739035123980801,0,204,118.766294,24.951346,110
2391739035123980802,0,204,118.766268,24.951321,110
2391739035123980803,0,205,118.766242,24.951296,110
2392362715914966017,0,45,121.464076,29.657792,110
2392362715914966018,0,45,121.464115,29.657777,110
2392362715914966019,0,46,121.464152,29.657762,110
2392362715914966273,0,60,121.463897,29.657423,110
2392362715914966274,0,60,121.463932,29.657406,110
2392362715914966275,0,59,121.463966,29.657390,110
2392362715914966529,0,9,121.463661,29.656932,110
2392362715914966530,0,9,121.463697,29.656915,110
2392362715914966531,0,9,121.463732,29.656899,110
2392362715914966785,0,9,121.463629,29.656864,110
2392362715914966786,0,9,121.463665,29.656847,110
2392362715914966787,0,9,121.463700,29.656831,110
2392362715914967041,0,20,121.463594,29.656789,110
2392362715914967042,0,20,121.463630,29.656773,110
2392362715914967043,0,19,121.463665,29.656756,110
2392323726201853441,0,35,120.790411,30.428506,120
2392323726201853442,0,34,120.790462,30.428520,120
2392323726201853443,0,34,120.790500,30.428530,120
2392323726201853444,0,34,120.790537,30.428540,120
2392323726201853445,0,33,120.790575,30.428550,120
2392323726201853697,0,43,120.790521,30.428212,120
2392323726201853698,0,43,120.790566,30.428228,120
2392323726201853699,0,43,120.790602,30.428241,120
2392323726201853700,0,43,120.790638,30.428254,120
2392323726201853701,0,43,120.790675,30.428267,120
2392323726201853953,0,28,120.790658,30.427843,120
2392323726201853954,0,28,120.790699,30.427858,120
2392323726201853955,0,28,120.790737,30.427872,120
2392323726201853956,0,28,120.790772,30.427885,120
2392323726201853957,0,28,120.790809,30.427899,120
2392323726201854209,0,2,120.790748,30.427604,120
2392323726201854210,0,2,120.790788,30.427619,120
2392323726201854211,0,2,120.790825,30.427633,120
2392323726201854212,0,2,120.790861,30.427647,120
2392323726201854213,0,2,120.790897,30.427661,120
2392323726201854465,0,7,120.790752,30.427594,120
2392323726201854466,0,7,120.790791,30.427609,120
2392323726201854467,0,7,120.790829,30.427623,120
2392323726201854468,0,7,120.790865,30.427637,120
2392323726201854469,0,7,120.790901,30.427651,120
2392323726201854721,0,2,120.790772,30.427538,120
2392323726201854722,0,2,120.790812,30.427553,120
2392323726201854723,0,2,120.790849,30.427567,120
2392323726201854724,0,2,120.790886,30.427580,120
2392323726201854725,0,2,120.790922,30.427594,120
2392323726201854977,0,25,120.790778,30.427524,120
2392323726201854978,0,26,120.790818,30.427539,120
2392323726201854979,0,26,120.790855,30.427553,120
2392323726201854980,0,26,120.790891,30.427566,120
2392323726201854981,0,27,120.790927,30.427580,120
2392321557243406595,0,35,120.066895,30.819920,120
2392321557243406596,0,35,120.066857,30.819912,120
2392321557243406597,0,35,120.066818,30.819904,120
2392321557243406851,0,2,120.066812,30.820227,120
2392321557243406852,0,2,120.066774,30.820216,120
2392321557243406853,0,2,120.066736,30.820206,120
2392321557243407107,0,49,120.066809,30.820239,120
2392321557243407108,0,49,120.066770,30.820229,120
2392321557243407109,0,50,120.066732,30.820218,120
2388825080202272001,0,24,105.332669,32.180419,100
2388825080202272002,0,24,105.332669,32.180419,100
2388825080202272003,0,25,105.332645,32.180448,100
2388825080202272257,0,98,105.332883,32.180530,100
2388825080202272258,0,97,105.332876,32.180542,100
2388825080202272259,0,97,105.332857,32.180574,100
2392315767627454721,0,3,120.291484,30.080026,120
2392315767627454722,0,4,120.291448,30.080041,120
2392315767627454723,0,4,120.291413,30.080054,120
2392315767627454724,0,5,120.291377,30.080069,120
2392315767627454977,0,56,120.291497,30.080051,120
2392315767627454978,0,56,120.291463,30.080069,120
2392315767627454979,0,56,120.291429,30.080086,120
2392315767627454980,0,55,120.291396,30.080105,120
2392315776217434113,0,87,120.291732,30.080506,120
2392315776217434114,0,87,120.291697,30.080524,120
2392315776217434115,0,87,120.291663,30.080541,120
2392315776217434116,0,87,120.291629,30.080558,120
2392315776217434369,0,4,120.292073,30.081226,120
2392315776217434370,0,4,120.292038,30.081242,120
2392315776217434371,0,4,120.292004,30.081259,120
2392315776217434372,0,4,120.291970,30.081275,120
2392315776217434625,0,6,120.292087,30.081256,120
2392315776217434626,0,6,120.292052,30.081272,120
2392315776217434627,0,6,120.292017,30.081287,120
2392315776217434628,0,6,120.291982,30.081301,120
2392315776217434881,0,1140,120.292107,30.081302,120
2392315776217434882,0,1139,120.292072,30.081317,120
2392315776217434883,0,1138,120.292037,30.081333,120
2392315776217434884,0,1138,120.292002,30.081348,120
2392315776217435137,0,36,120.294652,30.091323,120
2392315776217435138,0,36,120.294613,30.091331,120
2392315776217435139,0,36,120.294574,30.091338,120
2392315776217435140,0,35,120.294536,30.091347,120
2392315776217435393,0,6,120.294714,30.091635,120
2392315776217435394,0,6,120.294676,30.091642,120
2392315776217435395,0,6,120.294637,30.091650,120
2392315776217435396,0,6,120.294599,30.091658,120
2392315776217435649,0,158,120.294725,30.091688,120
2392315776217435650,0,157,120.294686,30.091695,120
2392315776217435651,0,157,120.294648,30.091703,120
2392315776217435652,0,157,120.294609,30.091711,120
2392315776217410049,0,42,120.295049,30.093077,120
2392315776217410050,0,42,120.295006,30.093084,120
2392315776217410051,0,42,120.294966,30.093090,120
2392315776217410052,0,42,120.294927,30.093096,120
2392315776217410053,0,42,120.294889,30.093102,120
2392315776217417217,0,23,120.295119,30.093451,120
2392315776217417218,0,23,120.295080,30.093456,120
2392315776217417219,0,24,120.295040,30.093462,120
2392315776217417220,0,24,120.295001,30.093468,120
2392315776217417221,0,24,120.294963,30.093474,120
2392315776217417473,0,15,120.295158,30.093653,120
2392315776217417474,0,14,120.295120,30.093660,120
2392315776217417475,0,14,120.295081,30.093668,120
2392315776217417476,0,14,120.295043,30.093676,120
2392315776217417477,0,14,120.295004,30.093684,120
2392315776217426689,0,22,120.295182,30.093779,120
2392315776217426690,0,22,120.295145,30.093784,120
2392315776217426691,0,23,120.295105,30.093790,120
2392315776217426692,0,23,120.295067,30.093796,120
2392315776217426693,0,23,120.295028,30.093801,120
2392315776217426945,0,57,120.295214,30.093972,120
2392315776217426946,0,56,120.295184,30.093978,120
2392315776217426947,0,56,120.295145,30.093986,120
2392315776217426948,0,56,120.295106,30.093993,120
2392315776217426949,0,56,120.295068,30.094001,120
2392049763122967809,0,37,116.158412,28.339748,120
2392049763122967810,0,37,116.158376,28.339727,120
2392049763122967811,0,36,116.158342,28.339708,120
2392049763122968065,0,2,116.158207,28.340026,120
2392049763122968066,0,2,116.158175,28.340000,120
2392049763122968067,0,2,116.158143,28.339978,120
2392049763122968321,0,73,116.158200,28.340035,120
2392049763122968322,0,73,116.158168,28.340010,120
2392049763122968323,0,73,116.158136,28.339987,120
2392049763122968577,0,27,116.157796,28.340583,120
2392049763122968578,0,28,116.157762,28.340558,120
2392049763122968579,0,28,116.157731,28.340535,120
2392447378310320640,0,167,118.995744,33.513327,120
2392447378310320641,0,166,118.995773,33.513352,120
2392447378310325249,0,94,118.997078,33.512331,120
2392447378310325250,0,94,118.997078,33.512331,120
2392447378310325251,0,93,118.997106,33.512357,120
2392447378310325505,0,4,118.997818,33.511752,120
2392447378310325506,0,5,118.997838,33.511780,120
2392447378310325507,0,6,118.997859,33.511810,120
2392447378310325761,0,231,118.997849,33.511729,120
2392447378310325762,0,230,118.997875,33.511754,120
2392447378310325763,0,229,118.997901,33.511779,120
2392447378310326017,0,12,118.999757,33.510399,120
2392447378310326018,0,12,118.999777,33.510428,120
2392447378310326019,0,12,118.999796,33.510460,120
2392447378310326273,0,4,118.999850,33.510336,120
2392447378310326274,0,4,118.999869,33.510365,120
2392447378310326275,0,4,118.999890,33.510396,120
2392447378310326529,0,29,118.999883,33.510314,120
2392447378310326530,0,29,118.999902,33.510343,120
2392447378310326531,0,29,118.999923,33.510374,120
2392447378310326785,0,3,119.000120,33.510154,120
2392447378310326786,0,4,119.000140,33.510184,120
2392447378310326787,0,4,119.000161,33.510214,120
2392447378310323713,0,36,119.000113,33.510111,120
2392447378310323714,0,36,119.000140,33.510141,120
2392447378310323715,0,36,119.000165,33.510166,120
2392447378310323716,0,35,119.000192,33.510194,120
2392447378310323969,0,9,119.000439,33.509936,120
2392447378310323970,0,10,119.000441,33.509940,120
2392447378310323971,0,10,119.000461,33.509970,120
2392447378310323972,0,11,119.000481,33.510000,120
2392447378310324225,0,80,119.000518,33.509890,120
2392447378310324226,0,80,119.000542,33.509916,120
2392447378310324227,0,80,119.000568,33.509942,120
2392447378310322689,0,12,119.001192,33.509447,120
2392447378310322690,0,11,119.001192,33.509447,120
2392447378310322691,0,11,119.001217,33.509473,120
2392447378310322692,0,10,119.001242,33.509500,120
2392447378310322945,0,13,119.001283,33.509383,120
2392447378310322946,0,13,119.001285,33.509387,120
2392447378310322947,0,13,119.001305,33.509416,120
2392447378310322948,0,13,119.001324,33.509447,120
2392447378310323201,0,25,119.001382,33.509309,120
2392447378310323202,0,24,119.001389,33.509320,120
2392447378310323203,0,24,119.001408,33.509349,120
2392447378310323204,0,24,119.001428,33.509380,120
2392447378310323457,0,5,119.001572,33.509158,120
2392447378310323458,0,6,119.001592,33.509188,120
2392447378310323459,0,6,119.001611,33.509218,120
2392447378310323460,0,7,119.001630,33.509250,120
2392290431615383809,0,36,120.872562,29.320674,90
2392290431615383810,0,36,120.872522,29.320675,90
2392290431615383811,0,36,120.872485,29.320676,90
2392290431615384065,0,11,120.872566,29.320997,90
2392290431615384066,0,10,120.872527,29.320999,90
2392290431615384067,0,10,120.872490,29.321000,90
2392290431615384321,0,16,120.872567,29.321089,90
2392290431615384322,0,16,120.872528,29.321089,90
2392290431615384323,0,16,120.872491,29.321090,90
2392290431615384577,0,11,120.872566,29.321225,90
2392290431615384578,0,11,120.872530,29.321225,90
2392290431615384579,0,11,120.872493,29.321226,90
2392290431615384833,0,51,120.872564,29.321322,90
2392290431615384834,0,50,120.872532,29.321322,90
2392290431615384835,0,50,120.872495,29.321323,90
2393679625902368001,0,116,113.479211,35.087521,100
2393679625902368002,0,116,113.479170,35.087518,100
2393679625902368003,0,115,113.479128,35.087515,100
2393679625902368257,0,11,113.479108,35.088555,100
2393679625902368258,0,11,113.479067,35.088551,100
2393679625902368259,0,11,113.479025,35.088547,100
2393679625902368513,0,17,113.479100,35.088652,100
2393679625902368514,0,17,113.479059,35.088648,100
2393679625902368515,0,18,113.479017,35.088645,100
2393679625902368769,0,108,113.479089,35.088804,100
2393679625902368770,0,108,113.479047,35.088801,100
2393679625902368771,0,109,113.479005,35.088798,100
2393679625902371073,0,63,113.479029,35.089774,100
2393679625902371074,0,63,113.478987,35.089772,100
2393679625902371075,0,63,113.478946,35.089771,100
2393679634492328961,0,442,113.479008,35.090335,100
2393679634492328962,0,442,113.478967,35.090334,100
2393679634492328963,0,443,113.478925,35.090333,100
2393679634492329217,0,140,113.479129,35.094308,100
2393679634492329218,0,140,113.479088,35.094311,100
2393679634492329219,0,140,113.479046,35.094314,100
2393679634492329473,0,9,113.479266,35.095558,100
2393679634492329474,0,9,113.479225,35.095564,100
2393679634492329475,0,9,113.479184,35.095569,100
2393679634492329729,0,6,113.479276,35.095637,100
2393679634492329730,0,6,113.479235,35.095642,100
2393679634492329731,0,6,113.479194,35.095648,100
2393679634492329985,0,53,113.479283,35.095684,100
2393679634492329986,0,53,113.479242,35.095690,100
2393679634492329987,0,53,113.479201,35.095696,100
2393679634492321537,0,99,113.479395,35.096153,100
2393679634492321538,0,100,113.479350,35.096158,100
2393679634492321539,0,100,113.479308,35.096162,100
2393679634492321540,0,100,113.479267,35.096167,100
2393679634492321793,0,172,113.479537,35.097037,100
2393679634492321794,0,172,113.479494,35.097045,100
2393679634492321795,0,172,113.479453,35.097052,100
2393679634492321796,0,172,113.479412,35.097059,100
2393679634492322049,0,5,113.479843,35.098562,100
2393679634492322050,0,5,113.479801,35.098569,100
2393679634492322051,0,6,113.479759,35.098576,100
2393679634492322052,0,6,113.479719,35.098582,100
2393679634492322305,0,61,113.479851,35.098603,100
2393679634492322306,0,60,113.479811,35.098612,100
2393679634492322307,0,60,113.479770,35.098621,100
2393679634492322308,0,60,113.479730,35.098631,100
2393679634492304385,0,221,113.479936,35.099141,100
2393679634492304386,0,222,113.479895,35.099148,100
2393679634492304387,0,223,113.479854,35.099155,100
2393679634492304641,0,21,113.480466,35.101084,100
2393679634492304642,0,21,113.480427,35.101096,100
2393679634492304643,0,21,113.480388,35.101108,100
2393679634492304897,0,6,113.480520,35.101263,100
2393679634492304898,0,6,113.480482,35.101275,100
2393679634492304899,0,6,113.480443,35.101287,100
2393679634492305153,0,79,113.480536,35.101314,100
2393679634492305154,0,79,113.480498,35.101326,100
2393679634492305155,0,78,113.480459,35.101339,100
2392286372871275265,0,10,120.063336,29.406062,120
2392286372871275266,0,10,120.063328,29.406029,120
2392286372871275267,0,10,120.063319,29.405995,120
2392365073852023040,0,19,121.609709,29.940809,80
2392365073852023041,0,19,121.609709,29.940809,80
2392365073852023042,0,19,121.609708,29.940844,80
2392365073852023043,0,19,121.609707,29.940878,80
2392365073852023044,0,19,121.609706,29.940911,80
2392365073852023296,0,31,121.609898,29.940801,80
2392365073852023297,0,30,121.609898,29.940813,80
2392365073852023298,0,31,121.609898,29.940849,80
2392365073852023299,0,31,121.609897,29.940882,80
2392365073852023300,0,31,121.609897,29.940915,80
2382399959451315713,0,32,111.860390,21.896371,120
2382399959451315714,0,32,111.860399,21.896336,120
2382399959451315715,0,32,111.860408,21.896303,120
2382399959451315716,0,32,111.860417,21.896270,120
2382399959451315717,0,32,111.860426,21.896236,120
2382399959451315969,0,66,111.860098,21.896303,120
2382399959451315970,0,66,111.860108,21.896268,120
2382399959451315971,0,66,111.860115,21.896233,120
2382399959451315972,0,66,111.860122,21.896200,120
2382399959451315973,0,66,111.860130,21.896167,120
2392124727482144769,0,106,112.732458,31.826124,100
2392124727482144770,0,107,112.732423,31.826144,100
2392124727482144771,0,107,112.732389,31.826164,100
2392124727482145025,0,3,112.733089,31.826910,100
2392124727482145026,0,3,112.733059,31.826934,100
2392124727482145027,0,3,112.733028,31.826959,100
2392124727482145281,0,26,112.733104,31.826928,100
2392124727482145282,0,25,112.733074,31.826953,100
2392124727482145283,0,24,112.733042,31.826976,100
2392315995260715265,0,9,120.358845,30.206693,120
2392315995260715266,0,10,120.358879,30.206679,120
2392315995260715267,0,10,120.358915,30.206664,120
2392315995260715268,0,11,120.358951,30.206650,120
2392315995260715269,0,11,120.358986,30.206635,120
2392315995260715270,0,11,120.359022,30.206621,120
2392315995260715521,0,12,120.358815,30.206618,120
2392315995260715522,0,12,120.358833,30.206608,120
2392315995260715523,0,12,120.358872,30.206586,120
2392315995260715524,0,11,120.358906,30.206568,120
2392315995260715525,0,11,120.358940,30.206549,120
2392315995260715526,0,10,120.358974,30.206533,120
2392315995260720641,0,22,120.358775,30.206515,120
2392315995260720642,0,22,120.358823,30.206495,120
2392315995260720643,0,23,120.358859,30.206481,120
2392315995260720644,0,23,120.358895,30.206466,120
2392315995260720645,0,23,120.358930,30.206452,120
2392315995260720897,0,2,120.358685,30.206342,120
2392315995260720898,0,2,120.358727,30.206319,120
2392315995260720899,0,2,120.358761,30.206301,120
2392315995260720900,0,2,120.358795,30.206283,120
2392315995260720901,0,2,120.358828,30.206264,120
2392315995260721153,0,2,120.358680,30.206333,120
2392315995260721154,0,2,120.358722,30.206310,120
2392315995260721155,0,2,120.358756,30.206291,120
2392315995260721156,0,2,120.358789,30.206273,120
2392315995260721157,0,1,120.358823,30.206255,120
2392315995260721409,0,120,120.358675,30.206324,120
2392315995260721410,0,120,120.358717,30.206301,120
2392315995260721411,0,120,120.358751,30.206282,120
2392315995260721412,0,120,120.358784,30.206264,120
2392315995260721413,0,120,120.358819,30.206247,120
2392315995260721665,0,49,120.358133,30.205354,120
2392315995260721666,0,49,120.358171,30.205332,120
2392315995260721667,0,48,120.358205,30.205313,120
2392315995260721668,0,48,120.358238,30.205294,120
2392315995260721669,0,47,120.358271,30.205275,120
2388713771829841153,0,104,104.135171,30.773898,120
2388713771829841154,0,104,104.135171,30.773898,120
2388713771829841155,0,103,104.135152,30.773866,120
2388713771829841156,0,103,104.135135,30.773836,120
2388713771829841409,0,2,104.134225,30.774354,120
2388713771829841410,0,2,104.134210,30.774320,120
2388713771829841411,0,2,104.134195,30.774288,120
2388713771829841412,0,2,104.134181,30.774256,120
2388713771829841665,0,54,104.134215,30.774359,120
2388713771829841666,0,55,104.134200,30.774325,120
2388713771829841667,0,55,104.134185,30.774292,120
2388713771829841668,0,56,104.134171,30.774260,120
2388713771829841921,0,12,104.133724,30.774596,120
2388713771829841922,0,11,104.133694,30.774547,120
2388713771829841923,0,11,104.133694,30.774547,120
2388713771829841924,0,11,104.133676,30.774516,120
2388713771829841925,0,10,104.133658,30.774485,120
2388713771829842177,0,14,104.133623,30.774654,120
2388713771829842178,0,14,104.133602,30.774606,120
2388713771829842179,0,14,104.133595,30.774590,120
2388713771829842180,0,15,104.133581,30.774558,120
2388713771829842181,0,15,104.133566,30.774525,120
2388713767534857985,0,23,104.126390,30.777841,120
2388713767534857986,0,22,104.126370,30.777807,120
2388713767534857987,0,22,104.126351,30.777774,120
2388713767534857988,0,22,104.126333,30.777743,120
2388713767534857989,0,21,104.126315,30.777713,120
2388713767534858241,0,9,104.126175,30.777916,120
2388713767534858242,0,10,104.126156,30.777872,120
2388713767534858243,0,10,104.126151,30.777861,120
2388713767534858244,0,11,104.126137,30.777829,120
2388713767534858245,0,11,104.126123,30.777797,120
2388713767534861057,0,43,104.126089,30.777947,120
2388713767534861058,0,42,104.126062,30.777900,120
2388713767534861059,0,42,104.126044,30.777870,120
2388713767534861060,0,42,104.126026,30.777839,120
2388713767534861313,0,2,104.125691,30.778115,120
2388713767534861314,0,2,104.125672,30.778071,120
2388713767534861315,0,2,104.125658,30.778039,120
2388713767534861316,0,2,104.125644,30.778007,120
2392421501132353025,0,745,120.294579,31.624520,80
2392421501132353026,0,747,120.294615,31.624510,80
2392421501132353027,0,749,120.294650,31.624500,80
2392421492542476289,0,134,120.290851,31.618713,80
2392421492542476290,0,134,120.290878,31.618688,80
2392421492542476291,0,134,120.290902,31.618664,80
2392421492542477825,0,9,120.289919,31.617807,80
2392421492542477826,0,10,120.289947,31.617784,80
2392421492542477827,0,10,120.289974,31.617763,80
2392421492542478081,0,60,120.289857,31.617751,80
2392421492542478082,0,61,120.289881,31.617724,80
2392421492542478083,0,61,120.289904,31.617699,80
2392421492542478337,0,9,120.289415,31.617364,80
2392421492542478338,0,9,120.289438,31.617337,80
2392421492542478339,0,8,120.289461,31.617312,80
2392421492542478592,0,74,120.289375,31.617285,80
2392421492542478593,0,75,120.289401,31.617262,80
2392421492542478848,0,2,120.288810,31.616828,80
2392421492542478849,0,2,120.288832,31.616801,80
2392421492542479104,0,9,120.288799,31.616819,80
2392421492542479105,0,8,120.288821,31.616792,80
2392421492542468353,0,311,120.288734,31.616768,80
2392421492542468354,0,311,120.288759,31.616744,80
2392421492542468609,0,2,120.286350,31.614849,80
2392421492542468610,0,2,120.286374,31.614823,80
2392421492542468865,0,97,120.286341,31.614841,80
2392421492542468866,0,96,120.286365,31.614815,80
2392421492542455297,0,11,120.285658,31.614191,80
2392421492542455298,0,12,120.285692,31.614170,80
2392421492542455299,0,12,120.285723,31.614151,80
2392421492542455553,0,12,120.285592,31.614110,80
2392421492542455554,0,11,120.285621,31.614086,80
2392421492542455555,0,11,120.285650,31.614064,80
2392421492542460417,0,71,120.285524,31.614024,80
2392421492542460418,0,71,120.285555,31.614006,80
2392421492542460419,0,70,120.285587,31.613986,80
2392421492542455809,0,567,120.285163,31.613471,80
2392421492542455810,0,565,120.285198,31.613454,80
2392421492542456065,0,14,120.284137,31.608520,80
2392421492542456066,0,14,120.284175,31.608521,80
2392421492542456321,0,21,120.284140,31.608399,80
2392421492542456322,0,21,120.284178,31.608400,80
2393892179538897921,0,1725,116.937895,36.578650,90
2393892179538897922,0,1732,116.937936,36.578655,90
2393892179538897923,0,1739,116.937975,36.578660,90
2393892179538898177,0,13,116.929204,36.566078,90
2393892179538898178,0,12,116.929196,36.566036,90
2393892179538898179,0,12,116.929189,36.566002,90
2393892179538898433,0,10,116.929071,36.566099,90
2393892179538898434,0,10,116.929065,36.566053,90
2393892179538898435,0,10,116.929061,36.566018,90
2393892179538898689,0,12,116.928969,36.566116,90
2393892179538898690,0,12,116.928963,36.566066,90
2393892179538898691,0,12,116.928958,36.566031,90
2393892179538898945,0,18,116.928845,36.566138,90
2393892179538898946,0,18,116.928838,36.566081,90
2393892179538898947,0,19,116.928833,36.566047,90
